position	residue	mean_occupancy	SD	rep1	Rep2	Rep3	n_replicates_ge0.5
1	DC	0.000000	0.000000	0.000000	0.000000	0.000000	0
2	DC	0.000000	0.000000	0.000000	0.000000	0.000000	0
3	DA	0.434047	0.459582	0.384923	0.001000	0.916217	1
4	DA	0.489502	0.478506	0.487902	0.011798	0.968806	1
5	DA	0.982670	0.018588	0.961208	0.993201	0.993601	3
6	DT	0.216957	0.352314	0.027195	0.000200	0.623475	1
7	DA	0.504032	0.467563	0.923615	0.000000	0.588482	2
8	DA	0.200693	0.213301	0.176365	0.000600	0.425115	0
9	DA	0.999267	0.001102	0.998000	1.000000	0.999800	3
10	DA	0.994934	0.005352	0.995801	0.999800	0.989202	3
11	DG	0.332533	0.251050	0.043391	0.495101	0.459108	0
12	DG	0.102313	0.177211	0.000000	0.000000	0.306939	0
13	DA	0.000000	0.000000	0.000000	0.000000	0.000000	0
14	DA	0.000000	0.000000	0.000000	0.000000	0.000000	0
15	DT	0.000000	0.000000	0.000000	0.000000	0.000000	0
16	DA	0.000000	0.000000	0.000000	0.000000	0.000000	0
17	DA	0.000000	0.000000	0.000000	0.000000	0.000000	0
18	DG	0.000000	0.000000	0.000000	0.000000	0.000000	0
19	DA	0.000000	0.000000	0.000000	0.000000	0.000000	0
20	DG	0.000133	0.000231	0.000400	0.000000	0.000000	0
21	DA	0.000000	0.000000	0.000000	0.000000	0.000000	0
22	DA	0.000000	0.000000	0.000000	0.000000	0.000000	0
23	DA	0.000000	0.000000	0.000000	0.000000	0.000000	0
24	DT	0.000000	0.000000	0.000000	0.000000	0.000000	0
25	DG	0.000000	0.000000	0.000000	0.000000	0.000000	0
26	DA	0.000000	0.000000	0.000000	0.000000	0.000000	0
27	DG	0.000000	0.000000	0.000000	0.000000	0.000000	0
28	DA	0.000000	0.000000	0.000000	0.000000	0.000000	0
29	DA	0.014064	0.024360	0.000000	0.000000	0.042192	0
30	DA	0.000000	0.000000	0.000000	0.000000	0.000000	0
31	DG	0.000000	0.000000	0.000000	0.000000	0.000000	0
32	DA	0.000000	0.000000	0.000000	0.000000	0.000000	0
33	DA	0.001533	0.002655	0.004599	0.000000	0.000000	0
34	DA	0.046457	0.080466	0.139372	0.000000	0.000000	0
35	DG	0.039525	0.068460	0.118576	0.000000	0.000000	0
36	DT	0.059655	0.103325	0.178964	0.000000	0.000000	0
37	DA	0.000000	0.000000	0.000000	0.000000	0.000000	0
38	DA	0.027328	0.047333	0.081984	0.000000	0.000000	0
39	DC	0.000000	0.000000	0.000000	0.000000	0.000000	0
40	DA	0.000000	0.000000	0.000000	0.000000	0.000000	0
41	DG	0.000000	0.000000	0.000000	0.000000	0.000000	0
42	DG	0.000333	0.000577	0.000000	0.001000	0.000000	0
43	DA	0.000067	0.000115	0.000000	0.000200	0.000000	0
44	DA	0.000000	0.000000	0.000000	0.000000	0.000000	0
45	DA	0.000000	0.000000	0.000000	0.000000	0.000000	0
46	DA	0.000000	0.000000	0.000000	0.000000	0.000000	0
47	DG	0.000000	0.000000	0.000000	0.000000	0.000000	0
48	DA	0.000000	0.000000	0.000000	0.000000	0.000000	0
49	DG	0.000000	0.000000	0.000000	0.000000	0.000000	0
50	DA	0.000000	0.000000	0.000000	0.000000	0.000000	0
51	DA	0.000000	0.000000	0.000000	0.000000	0.000000	0
52	DA	0.000000	0.000000	0.000000	0.000000	0.000000	0
53	DG	0.000000	0.000000	0.000000	0.000000	0.000000	0
54	DG	0.000000	0.000000	0.000000	0.000000	0.000000	0
55	DG	0.000000	0.000000	0.000000	0.000000	0.000000	0
56	DA	0.000000	0.000000	0.000000	0.000000	0.000000	0
57	DA	0.000000	0.000000	0.000000	0.000000	0.000000	0
58	DA	0.000000	0.000000	0.000000	0.000000	0.000000	0
59	DG	0.000000	0.000000	0.000000	0.000000	0.000000	0
60	DG	0.000000	0.000000	0.000000	0.000000	0.000000	0
61	DG	0.000000	0.000000	0.000000	0.000000	0.000000	0
62	DT	0.000000	0.000000	0.000000	0.000000	0.000000	0
63	DG	0.000000	0.000000	0.000000	0.000000	0.000000	0
64	DG	0.000000	0.000000	0.000000	0.000000	0.000000	0
65	DG	0.000000	0.000000	0.000000	0.000000	0.000000	0
